Rank,Stadium,Capacity,City,State,Year.opened,Type,Tenant,Link
1,Michigan Stadium,"107,601",Ann Arbor,Michigan,1927,Football,Michigan Wolverines,https://en.wikipedia.org/wiki/Michigan_Stadium
2,Beaver Stadium,"106,572",State College,Pennsylvania,1960,Football,Penn State Nittany Lions,https://en.wikipedia.org/wiki/Beaver_Stadium
3,Ohio Stadium,"104,944",Columbus,Ohio,1922,Football,Ohio State Buckeyes,https://en.wikipedia.org/wiki/Ohio_Stadium
4,Kyle Field,"102,995",College Station,Texas,1927,Football,Texas A&M Aggies,https://en.wikipedia.org/wiki/Kyle_Field
5,Neyland Stadium,"102,455",Knoxville,Tennessee,1921,Football,Tennessee Volunteers,https://en.wikipedia.org/wiki/Neyland_Stadium
6,Tiger Stadium,"102,321",Baton Rouge,Louisiana,1924,Football,LSU Tigers,https://en.wikipedia.org/wiki/Tiger_Stadium_(LSU)
7,Bryant–Denny Stadium,"101,821",Tuscaloosa,Alabama,1929,Football,Alabama Crimson Tide,https://en.wikipedia.org/wiki/Bryant%E2%80%93Denny_Stadium
8,Darrell K Royal–Texas Memorial Stadium,"100,119",Austin,Texas,1924,Football,Texas Longhorns,https://en.wikipedia.org/wiki/Darrell_K_Royal%E2%80%93Texas_Memorial_Stadium
9,Los Angeles Memorial Coliseum,"93,607",Los Angeles,California,1923,Football,"USC Trojans,Los Angeles Rams",https://en.wikipedia.org/wiki/Los_Angeles_Memorial_Coliseum
10,Sanford Stadium,"92,746",Athens,Georgia,1929,Football,Georgia Bulldogs,https://en.wikipedia.org/wiki/Sanford_Stadium
11,Rose Bowl,"92,542",Pasadena,California,1922,Football,"UCLA Bruins, the annual Rose Bowl Game",https://en.wikipedia.org/wiki/Rose_Bowl_(stadium)
12,Cotton Bowl,"92,100",Dallas,Texas,1930,Football,"no home team, used for annual Red River Rivalry, State Fair Classic, and Heart of Dallas Bowl",https://en.wikipedia.org/wiki/Cotton_Bowl_(stadium)
13,Memorial Stadium,"91,000",Lincoln,Nebraska,1923,Football,Nebraska Cornhuskers,https://en.wikipedia.org/wiki/Memorial_Stadium_(Clemson)
14,Ben Hill Griffin Stadium,"88,548",Gainesville,Florida,1930,Football,Florida Gators,https://en.wikipedia.org/wiki/Ben_Hill_Griffin_Stadium
15,Jordan–Hare Stadium,"87,451",Auburn,Alabama,1939,Football,Auburn Tigers,https://en.wikipedia.org/wiki/Jordan%E2%80%93Hare_Stadium
16,Gaylord Family Oklahoma Memorial Stadium,"86,112",Norman,Oklahoma,1925,Football,Oklahoma Sooners,https://en.wikipedia.org/wiki/Gaylord_Family_Oklahoma_Memorial_Stadium
17,MetLife Stadium,"82,500",East Rutherford,New Jersey,2010,Football,"New York Giants, New York Jets",https://en.wikipedia.org/wiki/MetLife_Stadium
18,FedExField,"82,000",Landover,Maryland,1997,Football,Washington Redskins,https://en.wikipedia.org/wiki/FedExField
19,Memorial Stadium,"82,000",Clemson,South Carolina,1942,Football,Clemson Tigers,https://en.wikipedia.org/wiki/Memorial_Stadium_(Clemson)
20,Lambeau Field,"81,435",Green Bay,Wisconsin,1957,Football,Green Bay Packers,https://en.wikipedia.org/wiki/Lambeau_Field
21,Notre Dame Stadium,"80,795",Notre Dame,Indiana,1930,Football,Notre Dame Fighting Irish,https://en.wikipedia.org/wiki/Notre_Dame_Stadium
22,Camp Randall Stadium,"80,321",Madison,Wisconsin,1917,Football,Wisconsin Badgers,https://en.wikipedia.org/wiki/Camp_Randall_Stadium
23,Williams-Brice Stadium,"80,250",Columbia,South Carolina,1934,Football,South Carolina Gamecocks,https://en.wikipedia.org/wiki/Williams-Brice_Stadium
24,AT&T Stadium,"80,000",Arlington,Texas,2009,Football,"Dallas Cowboys, Cotton Bowl Classic",https://en.wikipedia.org/wiki/AT%26T_Stadium
25,Doak Campbell Stadium,"79,560",Tallahassee,Florida,1950,Football,Florida State Seminoles,https://en.wikipedia.org/wiki/Bobby_Bowden_Field_at_Doak_Campbell_Stadium
26,TIAA Bank Field,"76,867",Jacksonville,Florida,1949;1995,Football,"Jacksonville Jaguars,Florida vs. Georgia Football Classic, Gator Bowl",https://en.wikipedia.org/wiki/TIAA_Bank_Field
27,Arrowhead Stadium,"76,416",Kansas City,Missouri,1972,Football,Kansas City Chiefs,https://en.wikipedia.org/wiki/Arrowhead_Stadium
28,Sports Authority Field at Mile High,"76,125",Denver,Colorado,2001,Football,Denver Broncos,https://en.wikipedia.org/wiki/Sports_Authority_Field_at_Mile_High
29,Donald W. Reynolds Razorback Stadium,"76,000",Fayetteville,Arkansas,1938,Football,Arkansas Razorbacks (primary),https://en.wikipedia.org/wiki/Donald_W._Reynolds_Razorback_Stadium
30,Bank of America Stadium,"75,419",Charlotte,North Carolina,1996,Football,"Carolina Panthers, Belk Bowl, ACC Championship Game",https://en.wikipedia.org/wiki/Bank_of_America_Stadium
31,Spartan Stadium,"75,005",East Lansing,Michigan,1923,Football,Michigan State Spartans,https://en.wikipedia.org/wiki/Spartan_Stadium_(East_Lansing)
32,Mercedes-Benz Superdome,"73,370",New Orleans,Louisiana,1975,Football,"New Orleans Saints, Tulane Green Wave,Sugar Bowl, New Orleans Bowl, Bayou Classic",https://en.wikipedia.org/wiki/Mercedes-Benz_Superdome
33,New Era Field,"71,608",Orchard Park,New York,1973,Football,Buffalo Bills,https://en.wikipedia.org/wiki/New_Era_Field
34,Legion Field,"71,594",Birmingham,Alabama,1926,Football,"UAB Blazers, BBVA Compass Bowl",https://en.wikipedia.org/wiki/Legion_Field
35,NRG Stadium,"71,500",Houston,Texas,2002,Football,"Houston Texans, Meineke Car Care Bowl of Texas",https://en.wikipedia.org/wiki/NRG_Stadium
36,SDCCU Stadium,"71,294",San Diego,California,1967,Multi-purpose,"San Diego State Aztecs, Holiday Bowl",https://en.wikipedia.org/wiki/SDCCU_Stadium
37,Georgia Dome,"71,228",Atlanta,Georgia,1992,Football,Demolished in 2017,https://en.wikipedia.org/wiki/Georgia_Dome
38,M&T Bank Stadium,"71,008",Baltimore,Maryland,1998,Football,Baltimore Ravens,https://en.wikipedia.org/wiki/M%26T_Bank_Stadium
39,Faurot Field,"71,004",Columbia,Missouri,1926,Football,Missouri Tigers,https://en.wikipedia.org/wiki/Faurot_Field
40,Kinnick Stadium,"70,585",Iowa City,Iowa,1929,Football,Iowa Hawkeyes,https://en.wikipedia.org/wiki/Kinnick_Stadium
41,Husky Stadium,"70,083",Seattle,Washington,1920,Football,Washington Huskies,https://en.wikipedia.org/wiki/Husky_Stadium
42,Rice Stadium,"70,000",Houston,Texas,1950,Football,Rice Owls,https://en.wikipedia.org/wiki/Rice_Stadium_(Rice_University)
43,Nissan Stadium,"68,798",Nashville,Tennessee,1999,Football,"Tennessee Titans, Tennessee State Tigers,Franklin American Mortgage Company Music City Bowl",https://en.wikipedia.org/wiki/Nissan_Stadium
44,Gillette Stadium,"68,756",Foxborough,Massachusetts,2002,Football,"New England Revolution, New England Patriots, UMass Minutemen",https://en.wikipedia.org/wiki/Gillette_Stadium
45,Lincoln Financial Field,"68,532",Philadelphia,Pennsylvania,2003,Football,"Philadelphia Eagles, Temple Owls, Army–Navy Game (most years)",https://en.wikipedia.org/wiki/Lincoln_Financial_Field
46,Levi's Stadium,"68,500",Santa Clara,California,2014,Football,"San Francisco 49ers, Foster Farms Bowl",https://en.wikipedia.org/wiki/Levi%27s_Stadium
47,Heinz Field,"68,400",Pittsburgh,Pennsylvania,2001,Football,"Pittsburgh Steelers, Pittsburgh Panthers",https://en.wikipedia.org/wiki/Heinz_Field
48,Kroger Field,"67,606",Lexington,Kentucky,1973,Football,Kentucky Wildcats,https://en.wikipedia.org/wiki/Kroger_Field
49,FirstEnergy Stadium,"67,431",Cleveland,Ohio,1999,Football,Cleveland Browns,https://en.wikipedia.org/wiki/FirstEnergy_Stadium
50,CenturyLink Field,"67,000",Seattle,Washington,2002,Football,"Seattle Seahawks, Seattle Sounders FC",https://en.wikipedia.org/wiki/CenturyLink_Field
51,The Dome at America's Center,"66,965",St. Louis,Missouri,1995,Football,no home team,https://en.wikipedia.org/wiki/The_Dome_at_America%27s_Center
52,U.S. Bank Stadium,"66,655",Minneapolis,Minnesota,2016,Football,Minnesota Vikings,https://en.wikipedia.org/wiki/U.S._Bank_Stadium
53,Lane Stadium,"66,233",Blacksburg,Virginia,1965,Football,Virginia Tech Hokies,https://en.wikipedia.org/wiki/Lane_Stadium
54,Raymond James Stadium,"65,857",Tampa,Florida,1998,Football,"Tampa Bay Buccaneers, South Florida Bulls, Outback Bowl",https://en.wikipedia.org/wiki/Raymond_James_Stadium
55,Paul Brown Stadium,"65,790",Cincinnati,Ohio,2000,Football,Cincinnati Bengals,https://en.wikipedia.org/wiki/Paul_Brown_Stadium
56,Hard Rock Stadium,"65,326",Miami Gardens,Florida,1987,Football,"Miami Dolphins, Miami Hurricanes, and annual Orange Bowl",https://en.wikipedia.org/wiki/Hard_Rock_Stadium
57,Camping World Stadium,"65,000",Orlando,Florida,1936,Football,"Jones Tigers, annual Florida Classic, Capital One Bowl, Champs Sports Bowl, and East–West Shrine Game",https://en.wikipedia.org/wiki/Camping_World_Stadium
58,Alamodome,"65,000",San Antonio,Texas,1993,Football,"UTSA Roadrunners, Alamo Bowl, U.S. Army All-American Bowl",https://en.wikipedia.org/wiki/Alamodome
59,Ford Field,"65,000",Detroit,Michigan,2002,Football,"Detroit Lions, MAC Championship Game, Little Caesars Pizza Bowl, Quick Lane Bowl",https://en.wikipedia.org/wiki/Ford_Field
60,Vaught–Hemingway Stadium,"64,038",Oxford,Mississippi,1915,Football,Ole Miss Rebels,https://en.wikipedia.org/wiki/Vaught%E2%80%93Hemingway_Stadium
61,LaVell Edwards Stadium,"63,470",Provo,Utah,1964,Football,BYU Cougars,https://en.wikipedia.org/wiki/LaVell_Edwards_Stadium
62,University of Phoenix Stadium,"63,400",Glendale,Arizona,2006,Football,Arizona Cardinals and Fiesta Bowl,https://en.wikipedia.org/wiki/University_of_Phoenix_Stadium
63,Oakland–Alameda County Coliseum,"63,026",Oakland,California,1966,Multi-purpose,"Oakland Raiders, Oakland Athletics",https://en.wikipedia.org/wiki/Oakland%E2%80%93Alameda_County_Coliseum
64,Lucas Oil Stadium,"63,000",Indianapolis,Indiana,2008,Football,"Indianapolis Colts, Big Ten Championship Game",https://en.wikipedia.org/wiki/Lucas_Oil_Stadium
65,Memorial Stadium,"62,872",Champaign,Illinois,1923,Football,Illinois Fighting Illini,https://en.wikipedia.org/wiki/Memorial_Stadium_(Clemson)
66,California Memorial Stadium,"62,717",Berkeley,California,1923,Football,California Golden Bears,https://en.wikipedia.org/wiki/California_Memorial_Stadium
67,Kenan Memorial Stadium,"62,562",Chapel Hill,North Carolina,1927,Football,North Carolina Tar Heels,https://en.wikipedia.org/wiki/Kenan_Memorial_Stadium
68,Ross–Ade Stadium,"62,500",West Lafayette,Indiana,1924,Football,Purdue Boilermakers,https://en.wikipedia.org/wiki/Ross%E2%80%93Ade_Stadium
69,Liberty Bowl Memorial Stadium,"62,380",Memphis,Tennessee,1965,Football,Memphis Tigers,https://en.wikipedia.org/wiki/Liberty_Bowl_Memorial_Stadium
70,Soldier Field,"61,500",Chicago,Illinois,1924;2003,Football,Chicago Bears,https://en.wikipedia.org/wiki/Soldier_Field
71,Jack Trice Stadium,"61,500",Ames,Iowa,1975,Football,Iowa State Cyclones,https://en.wikipedia.org/wiki/Jack_Trice_Stadium
72,Scott Stadium,"61,500",Charlottesville,Virginia,1931,Football,Virginia Cavaliers,https://en.wikipedia.org/wiki/Scott_Stadium
73,Yale Bowl,"61,446",New Haven,Connecticut,1914,Football,Yale Bulldogs,https://en.wikipedia.org/wiki/Yale_Bowl
74,Davis Wade Stadium,"61,337",Starkville,Mississippi,1914,Football,Mississippi State Bulldogs,https://en.wikipedia.org/wiki/Davis_Wade_Stadium
75,Jones AT&T Stadium,"61,000",Lubbock,Texas,1947,Football,Texas Tech Red Raiders,https://en.wikipedia.org/wiki/Jones_AT%26T_Stadium
76,Mississippi Veterans Memorial Stadium,"60,492",Jackson,Mississippi,1941,Football,Jackson State Tigers,https://en.wikipedia.org/wiki/Mississippi_Veterans_Memorial_Stadium
77,Mountaineer Field,"60,000",Morgantown,West Virginia,1980,Football,West Virginia Mountaineers,https://en.wikipedia.org/wiki/Mountaineer_Field
78,Boone Pickens Stadium,"60,000",Stillwater,Oklahoma,1920,Football,Oklahoma State Cowboys,https://en.wikipedia.org/wiki/Boone_Pickens_Stadium
79,Arizona Stadium,"57,803",Tucson,Arizona,1928,Football,Arizona Wildcats,https://en.wikipedia.org/wiki/Arizona_Stadium
80,Carter–Finley Stadium,"57,583",Raleigh,North Carolina,1966,Football,NC State Wolfpack,https://en.wikipedia.org/wiki/Carter%E2%80%93Finley_Stadium
81,RFK Stadium,"56,692","Washington, D.C.",District of Columbia,1961,Multi-purpose,None,https://en.wikipedia.org/wiki/Robert_F._Kennedy_Memorial_Stadium
82,Sun Devil Stadium,"56,232",Tempe,Arizona,1958,Football,Arizona State Sun Devils,https://en.wikipedia.org/wiki/Sun_Devil_Stadium
83,Dodger Stadium,"56,000",Los Angeles,California,1962,Baseball,Los Angeles Dodgers,https://en.wikipedia.org/wiki/Dodger_Stadium
84,Papa John's Cardinal Stadium,"56,000",Louisville,Kentucky,1998,Football,Louisville Cardinals,https://en.wikipedia.org/wiki/Papa_John%27s_Cardinal_Stadium
85,Bobby Dodd Stadium at Historic Grant Field,"55,000",Atlanta,Georgia,1913,Football,Georgia Tech Yellow Jackets,https://en.wikipedia.org/wiki/Bobby_Dodd_Stadium
86,Autzen Stadium,"53,800",Eugene,Oregon,1967,Football,Oregon Ducks,https://en.wikipedia.org/wiki/Autzen_Stadium
87,Folsom Field,"53,750",Boulder,Colorado,1924,Football,Colorado Buffaloes,https://en.wikipedia.org/wiki/Folsom_Field
88,War Memorial Stadium,"53,727",Little Rock,Arkansas,1948,Football,Arkansas Razorbacks (secondary to Razorback Stadium),https://en.wikipedia.org/wiki/War_Memorial_Stadium_(Arkansas)
89,Memorial Stadium,"53,500",Bloomington,Indiana,1960,Football,Indiana Hoosiers,https://en.wikipedia.org/wiki/Memorial_Stadium_(Clemson)
90,Franklin Field,"52,593",Philadelphia,Pennsylvania,1895,Football,Penn Quakers,https://en.wikipedia.org/wiki/Franklin_Field
91,Falcon Stadium,"52,480",Colorado Springs,Colorado,1962,Football,Air Force Falcons,https://en.wikipedia.org/wiki/Falcon_Stadium
92,High Point Solutions Stadium,"52,454",Piscataway,New Jersey,1994,Football,Rutgers Scarlet Knights,https://en.wikipedia.org/wiki/High_Point_Solutions_Stadium
93,Bill Snyder Family Football Stadium,"52,200",Manhattan,Kansas,1968,Football,Kansas State Wildcats,https://en.wikipedia.org/wiki/Bill_Snyder_Family_Football_Stadium
94,Maryland Stadium,"51,500",College Park,Maryland,1950,Football,Maryland Terrapins,https://en.wikipedia.org/wiki/Maryland_Stadium
95,Sun Bowl stadium,"51,500",El Paso,Texas,1963,Football,UTEP Miners and Sun Bowl,https://en.wikipedia.org/wiki/Sun_Bowl_stadium
96,Independence Stadium,"50,832",Shreveport,Louisiana,1925,Football,"no home team, Independence Bowl",https://en.wikipedia.org/wiki/Independence_Stadium_(United_States)
97,TCF Bank Stadium,"50,805",Minneapolis,Minnesota,2009,Football,Minnesota Golden Gophers,https://en.wikipedia.org/wiki/TCF_Bank_Stadium
98,Coors Field,"50,445",Denver,Colorado,1995,Baseball,Colorado Rockies,https://en.wikipedia.org/wiki/Coors_Field
99,Yankee Stadium,"50,291",Bronx,New York,2009,Baseball,"New York Yankees, New York City FC, Pinstripe Bowl",https://en.wikipedia.org/wiki/Yankee_Stadium
100,Turner Field,"50,096",Atlanta,Georgia,1996,Baseball,None,https://en.wikipedia.org/wiki/Turner_Field
101,University of Kansas Memorial Stadium,"50,071",Lawrence,Kansas,1921,Football,Kansas Jayhawks,https://en.wikipedia.org/wiki/University_of_Kansas_Memorial_Stadium
102,Aloha Stadium,"50,000",Honolulu,Hawai<U+02BB>i,1975,Football,"Hawai<U+02BB>i Warriors, local high schools and Pro Bowl",https://en.wikipedia.org/wiki/Aloha_Stadium
103,The Bagwell Field at Dowdy–Ficklen Stadium,"50,000",Greenville,North Carolina,1963,Football,East Carolina Pirates,https://en.wikipedia.org/wiki/Dowdy%E2%80%93Ficklen_Stadium
104,Stanford Stadium,"50,000",Stanford,California,1921;2006,Football,Stanford Cardinal,https://en.wikipedia.org/wiki/Stanford_Stadium
105,Carrier Dome,"49,262",Syracuse,New York,1980,Football,"Syracuse Orange, men's basketball, women's basketball, and men's lacrosse",https://en.wikipedia.org/wiki/Carrier_Dome
106,Globe Life Park,"49,115",Arlington,Texas,1994,Baseball,Texas Rangers,https://en.wikipedia.org/wiki/Globe_Life_Park_in_Arlington
107,Chase Field,"49,033",Phoenix,Arizona,1998,Baseball,Arizona Diamondbacks,https://en.wikipedia.org/wiki/Chase_Field
108,Oriole Park at Camden Yards,"48,876",Baltimore,Maryland,1992,Baseball,Baltimore Orioles,https://en.wikipedia.org/wiki/Oriole_Park_at_Camden_Yards
109,Ryan Field,"47,130",Evanston,Illinois,1996,Football,Northwestern Wildcats,https://en.wikipedia.org/wiki/Ryan_Field_(stadium)
110,Safeco Field,"47,116",Seattle,Washington,1999,Baseball,Seattle Mariners,https://en.wikipedia.org/wiki/Safeco_Field
111,Busch Stadium,"46,861",St. Louis,Missouri,2006,Baseball,St. Louis Cardinals,https://en.wikipedia.org/wiki/Busch_Stadium
112,Reser Stadium,"45,674",Corvallis,Oregon,1953,Football,Oregon State Beavers,https://en.wikipedia.org/wiki/Reser_Stadium
113,Rice-Eccles Stadium,"45,634",Salt Lake City,Utah,1998,Football,Utah Utes,https://en.wikipedia.org/wiki/Rice-Eccles_Stadium
114,Spectrum Stadium,"45,301",Orlando,Florida,2007,Football,UCF Knights,https://en.wikipedia.org/wiki/Spectrum_Stadium
115,McLane Stadium,"45,140",Waco,Texas,2014,Football,Baylor Bears,https://en.wikipedia.org/wiki/McLane_Stadium
116,Angel Stadium of Anaheim,"45,050",Anaheim,California,1966,Baseball,Los Angeles Angels,https://en.wikipedia.org/wiki/Angel_Stadium_of_Anaheim
117,Alumni Stadium,"44,500",Chestnut Hill,Massachusetts,1957,Football,Boston College Eagles,https://en.wikipedia.org/wiki/Alumni_Stadium
118,Amon G. Carter Stadium,"44,008",Fort Worth,Texas,1930,Football,"TCU Horned Frogs, The Bell Helicopter Armed Forces Bowl",https://en.wikipedia.org/wiki/Amon_G._Carter_Stadium
119,Citizens Bank Park,"43,647",Philadelphia,Pennsylvania,2004,Baseball,Philadelphia Phillies,https://en.wikipedia.org/wiki/Citizens_Bank_Park
120,Petco Park,"42,445",San Diego,California,2004,Baseball,San Diego Padres,https://en.wikipedia.org/wiki/Petco_Park
121,Great American Ball Park,"42,059",Cincinnati,Ohio,2003,Baseball,Cincinnati Reds,https://en.wikipedia.org/wiki/Great_American_Ball_Park
122,Miller Park,"41,900",Milwaukee,Wisconsin,2001,Baseball,Milwaukee Brewers,https://en.wikipedia.org/wiki/Miller_Park_(Milwaukee)
123,Nationals Park,"41,888","Washington, D.C.",District of Columbia,2008,Baseball,Washington Nationals,https://en.wikipedia.org/wiki/Nationals_Park
124,Citi Field,"41,800","Flushing, New York",New York,2009,Baseball,New York Mets,https://en.wikipedia.org/wiki/Citi_Field
125,Comerica Park,"41,782",Detroit,Michigan,2000,Baseball,Detroit Tigers,https://en.wikipedia.org/wiki/Comerica_Park
126,AT&T Park,"41,503",San Francisco,California,2000,Baseball,"San Francisco Giants, Fight Hunger Bowl",https://en.wikipedia.org/wiki/AT%26T_Park
127,Wrigley Field,"41,160",Chicago,Illinois,1914,Baseball,Chicago Cubs,https://en.wikipedia.org/wiki/Wrigley_Field
128,Bulldog Stadium,"41,031",Fresno,California,1980,Football,Fresno State Bulldogs,https://en.wikipedia.org/wiki/Bulldog_Stadium
129,Minute Maid Park,"40,950",Houston,Texas,2000,Baseball,Houston Astros,https://en.wikipedia.org/wiki/Minute_Maid_Park
130,Ladd–Peebles Stadium,"40,646",Mobile,Alabama,1948,Football,"South Alabama Jaguars, Senior Bowl and GoDaddy.com Bowl",https://en.wikipedia.org/wiki/Ladd%E2%80%93Peebles_Stadium
131,Guaranteed Rate Field,"40,615",Chicago,Illinois,1991,Baseball,Chicago White Sox,https://en.wikipedia.org/wiki/Guaranteed_Rate_Field
132,Dreamstyle Stadium,"40,094",Albuquerque,New Mexico,1960,Football,"New Mexico Lobos, New Mexico Bowl",https://en.wikipedia.org/wiki/Dreamstyle_Stadium
133,Howard J. Lamade Stadium,"40,000[39]",South Williamsport,Pennsylvania,1959,Baseball,"no home team, hosts annual Little League World Series",https://en.wikipedia.org/wiki/Howard_J._Lamade_Stadium
134,Rentschler Field,"40,000",East Hartford,Connecticut,2003,Football,"Connecticut Huskies, Hartford Colonials",https://en.wikipedia.org/wiki/Rentschler_Field_(stadium)
135,Michie Stadium,"40,000",West Point,New York,1924,Football,Army Black Knights,https://en.wikipedia.org/wiki/Michie_Stadium
136,Nippert Stadium,"40,000",Cincinnati,Ohio,1915,Football,Cincinnati Bearcats football / FC Cincinnati,https://en.wikipedia.org/wiki/Nippert_Stadium
137,TDECU Stadium,"40,000",Houston,Texas,2014,Football,Houston Cougars,https://en.wikipedia.org/wiki/TDECU_Stadium
138,Vanderbilt Stadium at Dudley Field,"39,790",Nashville,Tennessee,1922,Football,Vanderbilt Commodores,https://en.wikipedia.org/wiki/Vanderbilt_Stadium
139,Target Field,"39,504",Minneapolis,Minnesota,2010,Baseball,Minnesota Twins,https://en.wikipedia.org/wiki/Target_Field
140,Ewing M. Kauffman Stadium,"39,000",Kansas City,Missouri,1973,Baseball,Kansas City Royals,https://en.wikipedia.org/wiki/Kauffman_Stadium
141,PNC Park,"38,496",Pittsburgh,Pennsylvania,2001,Baseball,Pittsburgh Pirates,https://en.wikipedia.org/wiki/PNC_Park
142,Joan C. Edwards Stadium,"38,019",Huntington,West Virginia,1991,Football,Marshall Thundering Herd,https://en.wikipedia.org/wiki/Joan_C._Edwards_Stadium
143,Progressive Field,"38,000",Cleveland,Ohio,1994,Baseball,Cleveland Indians,https://en.wikipedia.org/wiki/Progressive_Field
144,Fenway Park,"37,402",Boston,Massachusetts,1912,Baseball,Boston Red Sox,https://en.wikipedia.org/wiki/Fenway_Park
145,Albertsons Stadium,"37,000",Boise,Idaho,1970,Football,"Boise State Broncos, Famous Idaho Potato Bowl",https://en.wikipedia.org/wiki/Albertsons_Stadium
146,Marlins Park,"37,000",Miami,Florida,2012,Baseball,Miami Marlins,https://en.wikipedia.org/wiki/Marlins_Park
147,Tropicana Field,"36,973",St. Petersburg,Florida,1990,Baseball,"Tampa Bay Rays, Beef 'O' Brady's Bowl",https://en.wikipedia.org/wiki/Tropicana_Field
148,Sam Boyd Stadium,"36,800",Las Vegas,Nevada,1971,Football,"UNLV Rebels, annual Las Vegas Bowl and USA Sevens and Monster Jam World Finals",https://en.wikipedia.org/wiki/Sam_Boyd_Stadium
149,M. M. Roberts Stadium,"36,000",Hattiesburg,Mississippi,1932,Football,Southern Miss Golden Eagles,https://en.wikipedia.org/wiki/M._M._Roberts_Stadium
150,Martin Stadium,"35,117",Pullman,Washington,1972,Football,Washington State Cougars,https://en.wikipedia.org/wiki/Martin_Stadium
151,Sonny Lubick Field at Hughes Stadium,"34,400",Fort Collins,Colorado,1968,Football,Colorado State Rams,https://en.wikipedia.org/wiki/Sonny_Lubick_Field_at_Hughes_Stadium
152,Navy–Marine Corps Memorial Stadium,"34,000",Annapolis,Maryland,1959,Football,"Navy Midshipmen, Chesapeake Bayhawks",https://en.wikipedia.org/wiki/Navy%E2%80%93Marine_Corps_Memorial_Stadium
153,Wallace Wade Stadium,"33,941",Durham,North Carolina,1929,Football,Duke Blue Devils,https://en.wikipedia.org/wiki/Wallace_Wade_Stadium
154,Jonah Field at War Memorial Stadium,"32,580",Laramie,Wyoming,1950,Football,Wyoming Cowboys,https://en.wikipedia.org/wiki/War_Memorial_Stadium_(Wyoming)
155,Gerald J. Ford Stadium,"32,000",University Park,Texas,2000,Football,SMU Mustangs,https://en.wikipedia.org/wiki/Gerald_J._Ford_Stadium
157,BB&T Field at Groves Stadium,"31,500",Winston-Salem,North Carolina,1968,Football,Wake Forest Demon Deacons,https://en.wikipedia.org/wiki/BB%26T_Field
158,Cajun Field,"31,000",Lafayette,Louisiana,1971,Football,Louisiana–Lafayette Ragin' Cajuns,https://en.wikipedia.org/wiki/Cajun_Field
159,Rubber Bowl,"31,000",Akron,Ohio,1940,Football,local high school teams,https://en.wikipedia.org/wiki/Rubber_Bowl
160,Brigham Field at Huskie Stadium,"31,000",DeKalb,Illinois,1965,Football,Northern Illinois Huskies,https://en.wikipedia.org/wiki/Huskie_Stadium
161,ASU Stadium,"30,964",Jonesboro,Arkansas,1974,Football,Arkansas State Red Wolves,https://en.wikipedia.org/wiki/ASU_Stadium
162,Apogee Stadium,"30,850",Denton,Texas,2011,Football,North Texas Mean Green,https://en.wikipedia.org/wiki/Apogee_Stadium
163,Joe Aillet Stadium,"30,600",Ruston,Louisiana,1960,Football,Louisiana Tech Bulldogs,https://en.wikipedia.org/wiki/Joe_Aillet_Stadium
164,CEFCU Stadium,"30,456",San Jose,California,1933,Football,San Jose State Spartans,https://en.wikipedia.org/wiki/CEFCU_Stadium
165,Malone Stadium,"30,427",Monroe,Louisiana,1978,Football,Louisiana–Monroe Warhawks,https://en.wikipedia.org/wiki/Malone_Stadium
166,Aggie Memorial Stadium,"30,343",Las Cruces,New Mexico,1978,Football,New Mexico State Aggies,https://en.wikipedia.org/wiki/Aggie_Memorial_Stadium
167,Harvard Stadium,"30,323",Allston,Massachusetts,1903,Football,"Harvard Crimson, Boston Cannons",https://en.wikipedia.org/wiki/Harvard_Stadium
168,Kelly/Shorts Stadium,"30,295",Mount Pleasant,Michigan,1972,Football,Central Michigan Chippewas,https://en.wikipedia.org/wiki/Kelly/Shorts_Stadium
169,Rynearson Stadium,"30,200",Ypsilanti,Michigan,1969,Football,Eastern Michigan Eagles,https://en.wikipedia.org/wiki/Rynearson_Stadium
170,Waldo Stadium,"30,200",Kalamazoo,Michigan,1939,Football,Western Michigan Broncos,https://en.wikipedia.org/wiki/Waldo_Stadium
171,FAU Stadium,"30,000",Boca Raton,Florida,2011,Football,Florida Atlantic Owls,https://en.wikipedia.org/wiki/FAU_Stadium
172,Benson Field at Yulman Stadium,"30,000",New Orleans,Louisiana,2014,Football,Tulane Green Wave,https://en.wikipedia.org/wiki/Benson_Field_at_Yulman_Stadium
173,Jim Wacker Field at Bobcat Stadium,"30,000",San Marcos,Texas,1981,Football,Texas State Bobcats,https://en.wikipedia.org/wiki/Bobcat_Stadium_(Texas_State)
174,New Alabama State stadium,"30,000",Montgomery,Alabama,2012,Football,Alabama State Hornets,https://en.wikipedia.org/wiki/New_Alabama_State_stadium
175,H. A. Chapman Stadium,"30,000",Tulsa,Oklahoma,1930,Football,Tulsa Golden Hurricane,https://en.wikipedia.org/wiki/Skelly_Field_at_H._A._Chapman_Stadium
176,InfoCision Stadium – Summa Field,"30,000",Akron,Ohio,2009,Football,Akron Zips,https://en.wikipedia.org/wiki/InfoCision_Stadium_%E2%80%93_Summa_Field
177,Veterans Memorial Stadium,"30,000",Troy,Alabama,1950,Football,Troy Trojans,https://en.wikipedia.org/wiki/Veterans_Memorial_Stadium_(Troy_University)
178,"William ""Dick"" Price Stadium","30,000",Norfolk,Virginia,1997,Football,Norfolk State Spartans,https://en.wikipedia.org/wiki/William_%22Dick%22_Price_Stadium
179,Mackay Stadium,"30,000",Reno,Nevada,1966,Football,Nevada Wolf Pack and women's soccer,https://en.wikipedia.org/wiki/Mackay_Stadium
180,UB Stadium,"29,013",Amherst,New York,1993,Football,Buffalo Bulls,https://en.wikipedia.org/wiki/University_at_Buffalo_Stadium
181,Ace W. Mumford Stadium,"29,000",Baton Rouge,Louisiana,1928,Football,Southern Jaguars,https://en.wikipedia.org/wiki/Ace_W._Mumford_Stadium
182,Joe Albi Stadium,"28,646",Spokane,Washington,1950,Football,"Spokane Spiders, Spokane Black Widows, local high schools",https://en.wikipedia.org/wiki/Joe_Albi_Stadium
183,Doyt L. Perry Stadium,"28,599",Bowling Green,Ohio,1966,Football,Bowling Green Falcons,https://en.wikipedia.org/wiki/Doyt_Perry_Stadium
184,Princeton University Stadium,"27,800",Princeton,New Jersey,1998,Football,Princeton Tigers,https://en.wikipedia.org/wiki/Princeton_University_Stadium
185,StubHub Center,"27,000",Carson,California,2003,Soccer,Los Angeles Galaxy Los Angeles Chargers,https://en.wikipedia.org/wiki/StubHub_Center
186,The Glass Bowl,"26,248",Toledo,Ohio,1937,Football,Toledo Rockets,https://en.wikipedia.org/wiki/Glass_Bowl
187,Eddie Robinson Stadium,"25,600",Grambling,Louisiana,1983,Football,Grambling State Tigers,https://en.wikipedia.org/wiki/Eddie_Robinson_Stadium
188,Schoellkopf Field,"25,597",Ithaca,New York,1915,Football,Cornell Big Red,https://en.wikipedia.org/wiki/Schoellkopf_Field
189,Bragg Memorial Stadium,"25,500",Tallahassee,Florida,1957,Football,Florida A&M Rattlers,https://en.wikipedia.org/wiki/Bragg_Memorial_Stadium
190,John B. and June M. Scheumann Stadium,"25,400",Muncie,Indiana,1967,Football,Ball State Cardinals,https://en.wikipedia.org/wiki/Scheumann_Stadium
191,Dix Stadium,"25,319[48]",Kent,Ohio,1969,Football,Kent State Golden Flashes,https://en.wikipedia.org/wiki/Dix_Stadium
192,Washington–Grizzly Stadium,"25,200",Missoula,Montana,1986,Football,Montana Grizzlies,https://en.wikipedia.org/wiki/Washington%E2%80%93Grizzly_Stadium
193,Red Bull Arena,"25,189",Harrison,New Jersey,2010,Soccer,New York Red Bulls,https://en.wikipedia.org/wiki/Red_Bull_Arena_(New_Jersey)
194,Bridgeforth Stadium,"24,877",Harrisonburg,Virginia,1975,Football,James Madison Dukes,https://en.wikipedia.org/wiki/Bridgeforth_Stadium_and_Zane_Showker_Field
195,Cramton Bowl,"24,600",Montgomery,Alabama,1922,Football,Alabama State Hornets,https://en.wikipedia.org/wiki/Cramton_Bowl
196,Fred C. Yager Stadium,"24,286",Oxford,Ohio,1983,Football,Miami RedHawks,https://en.wikipedia.org/wiki/Yager_Stadium_(Miami_University)
197,TD Ameritrade Park Omaha,"24,000",Omaha,Nebraska,2011,Baseball,"Creighton Bluejays, NCAA College World Series",https://en.wikipedia.org/wiki/TD_Ameritrade_Park_Omaha
198,Don Peden Stadium,"24,000",Athens,Ohio,1929,Football,Ohio Bobcats,https://en.wikipedia.org/wiki/Peden_Stadium
##,Arthur Ashe Stadium,"23,711",Flushing Meadows,New York,1997,Tennis,U.S. Open,https://en.wikipedia.org/wiki/Arthur_Ashe_Stadium
199,Fitton Field,"23,500",Worcester,Massachusetts,1924,Football,Holy Cross Crusaders,https://en.wikipedia.org/wiki/Fitton_Field
200,Kidd Brewer Stadium,"23,150",Boone,North Carolina,1962,Football,Appalachian State Mountaineers,https://en.wikipedia.org/wiki/Kidd_Brewer_Stadium
201,Jack Spinks Stadium,"22,500",Lorman,Mississippi,1992,Football,Alcorn State Braves,https://en.wikipedia.org/wiki/Jack_Spinks_Stadium
202,Maverik Stadium,"22,059",Logan,Utah,1968,Football,Utah State Aggies,https://en.wikipedia.org/wiki/Maverik_Stadium
203,BBVA Compass Stadium,"22,000",Houston,Texas,2012,Football,"Houston Dynamo, Texas Southern Tigers football",https://en.wikipedia.org/wiki/BBVA_Compass_Stadium
204,Delaware Stadium,"22,000",Newark,Delaware,1952,Football,Delaware Fightin' Blue Hens,https://en.wikipedia.org/wiki/Delaware_Stadium
205,Houchens Industries–L. T. Smith Stadium,"22,000",Bowling Green,Kentucky,1968,Football,Western Kentucky Hilltoppers,https://en.wikipedia.org/wiki/Houchens_Industries%E2%80%93L._T._Smith_Stadium
206,Oliver C. Dawson Stadium,"22,000",Orangeburg,South Carolina,1955,Football,South Carolina State Bulldogs,https://en.wikipedia.org/wiki/Oliver_C._Dawson_Stadium
207,Kidd Brewer Stadium,"21,650",Boone,North Carolina,1962,Football,Appalachian State Mountaineers,https://en.wikipedia.org/wiki/Kidd_Brewer_Stadium
208,Hornet Stadium,"21,650",Sacramento,California,1969,Football,Sacramento State Hornets,https://en.wikipedia.org/wiki/Hornet_Stadium_(Sacramento_State)
209,Aggie Stadium,"21,500",Greensboro,North Carolina,1981,Football,North Carolina A&T Aggies,https://en.wikipedia.org/wiki/Aggie_Stadium_(North_Carolina_A%26T)
210,Johnson Hagood Stadium,"21,000",Charleston,South Carolina,1946,Football,The Citadel Bulldogs,https://en.wikipedia.org/wiki/Johnson_Hagood_Stadium
211,Louis Crews Stadium,"21,000",Huntsville,Alabama,1996,Football,Alabama A&M Bulldogs,https://en.wikipedia.org/wiki/Louis_Crews_Stadium
212,Finley Stadium,"20,668",Chattanooga,Tennessee,1997,Football,Chattanooga Mocs,https://en.wikipedia.org/wiki/Finley_Stadium
213,Stambaugh Stadium,"20,630",Youngstown,Ohio,1982,Football,Youngstown State Penguins,https://en.wikipedia.org/wiki/Stambaugh_Stadium
214,Quicken Loans Arena,"20,562",Cleveland,Ohio,1994,Basketball,Cleveland Cavaliers,https://en.wikipedia.org/wiki/Quicken_Loans_Arena
215,FC Dallas Stadium,"20,500",Frisco,Texas,2005,Soccer,"FC Dallas, NCAA Division I Football Championship Game (FCS)",https://en.wikipedia.org/wiki/FC_Dallas_Stadium
216,Columbus Crew Stadium,"20,455",Columbus,Ohio,1999,Soccer,Columbus Crew,https://en.wikipedia.org/wiki/Columbus_Crew_Stadium
217,Lockhart Stadium,"20,450",Fort Lauderdale,Florida,1959,Soccer,Fort Lauderdale Strikers,https://en.wikipedia.org/wiki/Lockhart_Stadium
218,Providence Park,"20,438",Portland,Oregon,1926,Soccer,Portland Timbers,https://en.wikipedia.org/wiki/Providence_Park
219,Hughes Stadium,"20,311",Sacramento,California,1928,Multi-purpose,Sacramento Republic FC,https://en.wikipedia.org/wiki/Charles_C._Hughes_Stadium
220,Foreman Field at S.B. Ballard Stadium,"20,118",Norfolk,Virginia,1936,Football,Old Dominion Monarchs football,https://en.wikipedia.org/wiki/Foreman_Field_at_S.B._Ballard_Stadium
221,Rio Tinto Stadium,"20,008",Sandy,Utah,2008,Soccer,Real Salt Lake,https://en.wikipedia.org/wiki/Rio_Tinto_Stadium
222,Brown Stadium,"20,000",Providence,Rhode Island,1925,Football,Brown Bears,https://en.wikipedia.org/wiki/Brown_Stadium
223,FIU Stadium,"20,000",Miami,Florida,1995,Football,"FIU Golden Panthers, Miami FC",https://en.wikipedia.org/wiki/FIU_Stadium
224,Roy Kidd Stadium,"20,000",Richmond,Kentucky,1969,Football,Eastern Kentucky Colonels,https://en.wikipedia.org/wiki/Roy_Kidd_Stadium
225,Mesquite Memorial Stadium,"20,000",Mesquite,Texas,1977,Football,Local high schools,https://en.wikipedia.org/wiki/Mesquite_Memorial_Stadium
226,Kimbrough Memorial Stadium,"20,000",Canyon,Texas,1959,Football,"West Texas A&M University, local high schools",https://en.wikipedia.org/wiki/Kimbrough_Memorial_Stadium
227,Toyota Park,"20,000",Bridgeview,Illinois,2006,Soccer,Chicago Fire Soccer Club,https://en.wikipedia.org/wiki/Toyota_Park_(Bridgeview)
